Text,Sentiment
I found the sessions to be average and somewhat repetitive.,neutral
"The organization was fine, but there was room for improvement.",neutral
The event was outstanding and exceeded all my expectations.,positive
I found the sessions uninteresting and not well-structured.,negative
"The venue, content, and networking opportunities were all fantastic.",positive
I learned so much from this event and can't wait for the next one.,positive
The event was outstanding and exceeded all my expectations.,positive
The event provided excellent value for the time and money spent.,positive
The event was outstanding and exceeded all my expectations.,positive
I found the sessions uninteresting and not well-structured.,negative
"The organization was fine, but there was room for improvement.",neutral
It was a standard event with no standout features.,neutral
"The timing of the sessions was poorly managed, causing delays.",negative
"While the event had some good moments, it lacked consistency.",neutral
"Everything was well-organized, and the speakers were amazing.",positive
The event was outstanding and exceeded all my expectations.,positive
"The content was decent, but it lacked depth and engagement.",neutral
"The organization was fine, but there was room for improvement.",neutral
There were too many technical issues during the presentations.,negative
"The event delivered what was promised, but no more than that.",neutral
"The schedule was perfectly planned, and the sessions were very engaging.",positive
This was one of the best events I've attended in a long time.,positive
"The timing of the sessions was poorly managed, causing delays.",negative
"Amazing experience overall, especially the keynote sessions.",positive
"Overall, a very underwhelming experience with little takeaway.",negative
"While the event had some good moments, it lacked consistency.",neutral
"Overall, a very underwhelming experience with little takeaway.",negative
"The timing of the sessions was poorly managed, causing delays.",negative
I found the sessions to be average and somewhat repetitive.,neutral
The event provided excellent value for the time and money spent.,positive
I didn't feel strongly about the event one way or the other.,neutral
The registration process was chaotic and frustrating.,negative
It was a standard event with no standout features.,neutral
The event provided excellent value for the time and money spent.,positive
I found the sessions to be average and somewhat repetitive.,neutral
"Amazing experience overall, especially the keynote sessions.",positive
The event provided excellent value for the time and money spent.,positive
"The organization was fine, but there was room for improvement.",neutral
"The venue, content, and networking opportunities were all fantastic.",positive
The interactive sessions really helped me grasp the concepts better.,positive
"The timing of the sessions was poorly managed, causing delays.",negative
"The organization was fine, but there was room for improvement.",neutral
"The content was decent, but it lacked depth and engagement.",neutral
It met basic expectations but didn't offer anything extraordinary.,neutral
"The venue was not suitable, and it felt very cramped and noisy.",negative
"The event delivered what was promised, but no more than that.",neutral
"While the event had some good moments, it lacked consistency.",neutral
"The speakers were unprepared, and the content was irrelevant.",negative
The event was outstanding and exceeded all my expectations.,positive
"Amazing experience overall, especially the keynote sessions.",positive
There were too many technical issues during the presentations.,negative
I learned so much from this event and can't wait for the next one.,positive
"The event delivered what was promised, but no more than that.",neutral
"The speakers were unprepared, and the content was irrelevant.",negative
"The speakers were unprepared, and the content was irrelevant.",negative
"It was neither good nor bad, just an acceptable experience.",neutral
I found the sessions to be average and somewhat repetitive.,neutral
"Overall, a very underwhelming experience with little takeaway.",negative
"Overall, a very underwhelming experience with little takeaway.",negative
"It was neither good nor bad, just an acceptable experience.",neutral
It met basic expectations but didn't offer anything extraordinary.,neutral
The event did not meet the expectations set by the advertisements.,negative
I found the sessions to be average and somewhat repetitive.,neutral
The event did not meet the expectations set by the advertisements.,negative
The event did not meet the expectations set by the advertisements.,negative
I learned so much from this event and can't wait for the next one.,positive
There were too many technical issues during the presentations.,negative
"The timing of the sessions was poorly managed, causing delays.",negative
"The venue, content, and networking opportunities were all fantastic.",positive
There were too many technical issues during the presentations.,negative
The event provided excellent value for the time and money spent.,positive
I was impressed by the quality and depth of the discussions.,positive
The event did not meet the expectations set by the advertisements.,negative
"The timing of the sessions was poorly managed, causing delays.",negative
"While the event had some good moments, it lacked consistency.",neutral
"Amazing experience overall, especially the keynote sessions.",positive
The registration process was chaotic and frustrating.,negative
There were too many technical issues during the presentations.,negative
"The venue was not suitable, and it felt very cramped and noisy.",negative
I didn't feel strongly about the event one way or the other.,neutral
"The timing of the sessions was poorly managed, causing delays.",negative
I didn't feel strongly about the event one way or the other.,neutral
The event was outstanding and exceeded all my expectations.,positive
"While the event had some good moments, it lacked consistency.",neutral
I learned so much from this event and can't wait for the next one.,positive
"Everything was well-organized, and the speakers were amazing.",positive
I found the sessions uninteresting and not well-structured.,negative
I found the sessions uninteresting and not well-structured.,negative
The event provided excellent value for the time and money spent.,positive
It met basic expectations but didn't offer anything extraordinary.,neutral
"The timing of the sessions was poorly managed, causing delays.",negative
The registration process was chaotic and frustrating.,negative
I found the sessions to be average and somewhat repetitive.,neutral
This was one of the best events I've attended in a long time.,positive
The event was outstanding and exceeded all my expectations.,positive
I learned so much from this event and can't wait for the next one.,positive
I found the sessions uninteresting and not well-structured.,negative
I regret spending my time on this event; it wasn't worth it.,negative
"The content was decent, but it lacked depth and engagement.",neutral
"While the event had some good moments, it lacked consistency.",neutral
"Overall, a very underwhelming experience with little takeaway.",negative
I found the sessions uninteresting and not well-structured.,negative
"The event delivered what was promised, but no more than that.",neutral
"The timing of the sessions was poorly managed, causing delays.",negative
It was a standard event with no standout features.,neutral
"The venue, content, and networking opportunities were all fantastic.",positive
"The content was decent, but it lacked depth and engagement.",neutral
"The venue, content, and networking opportunities were all fantastic.",positive
"The content was decent, but it lacked depth and engagement.",neutral
The event provided excellent value for the time and money spent.,positive
There were too many technical issues during the presentations.,negative
I found the sessions to be average and somewhat repetitive.,neutral
"The venue was not suitable, and it felt very cramped and noisy.",negative
"Amazing experience overall, especially the keynote sessions.",positive
The registration process was chaotic and frustrating.,negative
"It was neither good nor bad, just an acceptable experience.",neutral
"The organization was fine, but there was room for improvement.",neutral
"The event was okay, but nothing particularly memorable.",neutral
This was one of the best events I've attended in a long time.,positive
"It was neither good nor bad, just an acceptable experience.",neutral
"The venue, content, and networking opportunities were all fantastic.",positive
"Amazing experience overall, especially the keynote sessions.",positive
There were too many technical issues during the presentations.,negative
"The event was okay, but nothing particularly memorable.",neutral
"The schedule was perfectly planned, and the sessions were very engaging.",positive
"The event delivered what was promised, but no more than that.",neutral
This was one of the best events I've attended in a long time.,positive
I learned so much from this event and can't wait for the next one.,positive
The interactive sessions really helped me grasp the concepts better.,positive
"Amazing experience overall, especially the keynote sessions.",positive
The event was poorly organized and very disappointing.,negative
I was impressed by the quality and depth of the discussions.,positive
"While the event had some good moments, it lacked consistency.",neutral
I didn't feel strongly about the event one way or the other.,neutral
"The content was decent, but it lacked depth and engagement.",neutral
"The timing of the sessions was poorly managed, causing delays.",negative
"The event was okay, but nothing particularly memorable.",neutral
I learned so much from this event and can't wait for the next one.,positive
I found the sessions to be average and somewhat repetitive.,neutral
The event was outstanding and exceeded all my expectations.,positive
It met basic expectations but didn't offer anything extraordinary.,neutral
"The venue, content, and networking opportunities were all fantastic.",positive
I didn't feel strongly about the event one way or the other.,neutral
"The schedule was perfectly planned, and the sessions were very engaging.",positive
There were too many technical issues during the presentations.,negative
"Everything was well-organized, and the speakers were amazing.",positive
There were too many technical issues during the presentations.,negative
"The venue, content, and networking opportunities were all fantastic.",positive
"The organization was fine, but there was room for improvement.",neutral
The event did not meet the expectations set by the advertisements.,negative
I learned so much from this event and can't wait for the next one.,positive
"Amazing experience overall, especially the keynote sessions.",positive
The interactive sessions really helped me grasp the concepts better.,positive
"The content was decent, but it lacked depth and engagement.",neutral
"It was neither good nor bad, just an acceptable experience.",neutral
It was a standard event with no standout features.,neutral
The event was outstanding and exceeded all my expectations.,positive
"The venue was not suitable, and it felt very cramped and noisy.",negative
"The venue, content, and networking opportunities were all fantastic.",positive
I regret spending my time on this event; it wasn't worth it.,negative
I found the sessions to be average and somewhat repetitive.,neutral
There were too many technical issues during the presentations.,negative
"The organization was fine, but there was room for improvement.",neutral
It was a standard event with no standout features.,neutral
"The timing of the sessions was poorly managed, causing delays.",negative
"The venue, content, and networking opportunities were all fantastic.",positive
The registration process was chaotic and frustrating.,negative
It was a standard event with no standout features.,neutral
I was impressed by the quality and depth of the discussions.,positive
The registration process was chaotic and frustrating.,negative
"While the event had some good moments, it lacked consistency.",neutral
"It was neither good nor bad, just an acceptable experience.",neutral
The event provided excellent value for the time and money spent.,positive
I regret spending my time on this event; it wasn't worth it.,negative
"The venue was not suitable, and it felt very cramped and noisy.",negative
I found the sessions uninteresting and not well-structured.,negative
"The venue, content, and networking opportunities were all fantastic.",positive
The interactive sessions really helped me grasp the concepts better.,positive
I regret spending my time on this event; it wasn't worth it.,negative
"Overall, a very underwhelming experience with little takeaway.",negative
It was a standard event with no standout features.,neutral
This was one of the best events I've attended in a long time.,positive
I found the sessions uninteresting and not well-structured.,negative
"The event delivered what was promised, but no more than that.",neutral
"The organization was fine, but there was room for improvement.",neutral
I regret spending my time on this event; it wasn't worth it.,negative
"The venue, content, and networking opportunities were all fantastic.",positive
I regret spending my time on this event; it wasn't worth it.,negative
"The content was decent, but it lacked depth and engagement.",neutral
"Overall, a very underwhelming experience with little takeaway.",negative
"It was neither good nor bad, just an acceptable experience.",neutral
"The event delivered what was promised, but no more than that.",neutral
"The timing of the sessions was poorly managed, causing delays.",negative
It met basic expectations but didn't offer anything extraordinary.,neutral
"The venue was not suitable, and it felt very cramped and noisy.",negative
The interactive sessions really helped me grasp the concepts better.,positive
"While the event had some good moments, it lacked consistency.",neutral
"The timing of the sessions was poorly managed, causing delays.",negative
I regret spending my time on this event; it wasn't worth it.,negative
"Overall, a very underwhelming experience with little takeaway.",negative
"The speakers were unprepared, and the content was irrelevant.",negative
"Amazing experience overall, especially the keynote sessions.",positive
"Overall, a very underwhelming experience with little takeaway.",negative
"The event delivered what was promised, but no more than that.",neutral
"While the event had some good moments, it lacked consistency.",neutral
"Overall, a very underwhelming experience with little takeaway.",negative
"The event was okay, but nothing particularly memorable.",neutral
I was impressed by the quality and depth of the discussions.,positive
"The organization was fine, but there was room for improvement.",neutral
I found the sessions uninteresting and not well-structured.,negative
It met basic expectations but didn't offer anything extraordinary.,neutral
"The speakers were unprepared, and the content was irrelevant.",negative
I learned so much from this event and can't wait for the next one.,positive
"Overall, a very underwhelming experience with little takeaway.",negative
"The schedule was perfectly planned, and the sessions were very engaging.",positive
"Amazing experience overall, especially the keynote sessions.",positive
I regret spending my time on this event; it wasn't worth it.,negative
"The event delivered what was promised, but no more than that.",neutral
"While the event had some good moments, it lacked consistency.",neutral
"The venue was not suitable, and it felt very cramped and noisy.",negative
"The organization was fine, but there was room for improvement.",neutral
I found the sessions uninteresting and not well-structured.,negative
The event was outstanding and exceeded all my expectations.,positive
"The timing of the sessions was poorly managed, causing delays.",negative
The event was outstanding and exceeded all my expectations.,positive
I was impressed by the quality and depth of the discussions.,positive
"The venue was not suitable, and it felt very cramped and noisy.",negative
"The event delivered what was promised, but no more than that.",neutral
I found the sessions to be average and somewhat repetitive.,neutral
"Everything was well-organized, and the speakers were amazing.",positive
The event provided excellent value for the time and money spent.,positive
I didn't feel strongly about the event one way or the other.,neutral
I found the sessions to be average and somewhat repetitive.,neutral
"The venue, content, and networking opportunities were all fantastic.",positive
"It was neither good nor bad, just an acceptable experience.",neutral
"The venue, content, and networking opportunities were all fantastic.",positive
The event did not meet the expectations set by the advertisements.,negative
"The event was okay, but nothing particularly memorable.",neutral
"Amazing experience overall, especially the keynote sessions.",positive
"The content was decent, but it lacked depth and engagement.",neutral
"The schedule was perfectly planned, and the sessions were very engaging.",positive
"The schedule was perfectly planned, and the sessions were very engaging.",positive
The event provided excellent value for the time and money spent.,positive
The event provided excellent value for the time and money spent.,positive
I found the sessions to be average and somewhat repetitive.,neutral
"Amazing experience overall, especially the keynote sessions.",positive
"Overall, a very underwhelming experience with little takeaway.",negative
"The venue was not suitable, and it felt very cramped and noisy.",negative
I found the sessions uninteresting and not well-structured.,negative
The event was outstanding and exceeded all my expectations.,positive
"Amazing experience overall, especially the keynote sessions.",positive
There were too many technical issues during the presentations.,negative
"The venue, content, and networking opportunities were all fantastic.",positive
"While the event had some good moments, it lacked consistency.",neutral
The interactive sessions really helped me grasp the concepts better.,positive
I learned so much from this event and can't wait for the next one.,positive
The registration process was chaotic and frustrating.,negative
"The speakers were unprepared, and the content was irrelevant.",negative
I didn't feel strongly about the event one way or the other.,neutral
The interactive sessions really helped me grasp the concepts better.,positive
I found the sessions to be average and somewhat repetitive.,neutral
I was impressed by the quality and depth of the discussions.,positive
I was impressed by the quality and depth of the discussions.,positive
The event was outstanding and exceeded all my expectations.,positive
"The content was decent, but it lacked depth and engagement.",neutral
"Overall, a very underwhelming experience with little takeaway.",negative
The interactive sessions really helped me grasp the concepts better.,positive
The event was poorly organized and very disappointing.,negative
"The event was okay, but nothing particularly memorable.",neutral
There were too many technical issues during the presentations.,negative
"The organization was fine, but there was room for improvement.",neutral
The registration process was chaotic and frustrating.,negative
"The speakers were unprepared, and the content was irrelevant.",negative
I found the sessions to be average and somewhat repetitive.,neutral
"Everything was well-organized, and the speakers were amazing.",positive
"Overall, a very underwhelming experience with little takeaway.",negative
"Amazing experience overall, especially the keynote sessions.",positive
"Amazing experience overall, especially the keynote sessions.",positive
The event was outstanding and exceeded all my expectations.,positive
"The venue was not suitable, and it felt very cramped and noisy.",negative
"Amazing experience overall, especially the keynote sessions.",positive
The event was poorly organized and very disappointing.,negative
The interactive sessions really helped me grasp the concepts better.,positive
The event provided excellent value for the time and money spent.,positive
There were too many technical issues during the presentations.,negative
"The venue was not suitable, and it felt very cramped and noisy.",negative
It met basic expectations but didn't offer anything extraordinary.,neutral
The interactive sessions really helped me grasp the concepts better.,positive
"The venue, content, and networking opportunities were all fantastic.",positive
The event provided excellent value for the time and money spent.,positive
It met basic expectations but didn't offer anything extraordinary.,neutral
The event was outstanding and exceeded all my expectations.,positive
"The timing of the sessions was poorly managed, causing delays.",negative
I found the sessions uninteresting and not well-structured.,negative
The registration process was chaotic and frustrating.,negative
I found the sessions to be average and somewhat repetitive.,neutral
It met basic expectations but didn't offer anything extraordinary.,neutral
The event was outstanding and exceeded all my expectations.,positive
I didn't feel strongly about the event one way or the other.,neutral
This was one of the best events I've attended in a long time.,positive
I found the sessions to be average and somewhat repetitive.,neutral
The interactive sessions really helped me grasp the concepts better.,positive
"The timing of the sessions was poorly managed, causing delays.",negative
There were too many technical issues during the presentations.,negative
"Everything was well-organized, and the speakers were amazing.",positive
"The event delivered what was promised, but no more than that.",neutral
"The content was decent, but it lacked depth and engagement.",neutral
"The content was decent, but it lacked depth and engagement.",neutral
"Overall, a very underwhelming experience with little takeaway.",negative
It was a standard event with no standout features.,neutral
"The venue, content, and networking opportunities were all fantastic.",positive
I found the sessions to be average and somewhat repetitive.,neutral
"The speakers were unprepared, and the content was irrelevant.",negative
The event did not meet the expectations set by the advertisements.,negative
There were too many technical issues during the presentations.,negative
"Everything was well-organized, and the speakers were amazing.",positive
I didn't feel strongly about the event one way or the other.,neutral
"It was neither good nor bad, just an acceptable experience.",neutral
This was one of the best events I've attended in a long time.,positive
I didn't feel strongly about the event one way or the other.,neutral
"The organization was fine, but there was room for improvement.",neutral
I learned so much from this event and can't wait for the next one.,positive
"The organization was fine, but there was room for improvement.",neutral
"The event was okay, but nothing particularly memorable.",neutral
The event provided excellent value for the time and money spent.,positive
I found the sessions to be average and somewhat repetitive.,neutral
"The organization was fine, but there was room for improvement.",neutral
I regret spending my time on this event; it wasn't worth it.,negative
I didn't feel strongly about the event one way or the other.,neutral
"Overall, a very underwhelming experience with little takeaway.",negative
The registration process was chaotic and frustrating.,negative
"The venue was not suitable, and it felt very cramped and noisy.",negative
The interactive sessions really helped me grasp the concepts better.,positive
"The timing of the sessions was poorly managed, causing delays.",negative
The event provided excellent value for the time and money spent.,positive
"It was neither good nor bad, just an acceptable experience.",neutral
I regret spending my time on this event; it wasn't worth it.,negative
I regret spending my time on this event; it wasn't worth it.,negative
I found the sessions uninteresting and not well-structured.,negative
"While the event had some good moments, it lacked consistency.",neutral
I found the sessions to be average and somewhat repetitive.,neutral
I regret spending my time on this event; it wasn't worth it.,negative
"The timing of the sessions was poorly managed, causing delays.",negative
The event was outstanding and exceeded all my expectations.,positive
The event provided excellent value for the time and money spent.,positive
I found the sessions uninteresting and not well-structured.,negative
"It was neither good nor bad, just an acceptable experience.",neutral
There were too many technical issues during the presentations.,negative
It was a standard event with no standout features.,neutral
I found the sessions uninteresting and not well-structured.,negative
I found the sessions to be average and somewhat repetitive.,neutral
The event was outstanding and exceeded all my expectations.,positive
"The content was decent, but it lacked depth and engagement.",neutral
I learned so much from this event and can't wait for the next one.,positive
"The speakers were unprepared, and the content was irrelevant.",negative
The event was outstanding and exceeded all my expectations.,positive
The event did not meet the expectations set by the advertisements.,negative
The event was outstanding and exceeded all my expectations.,positive
"Overall, a very underwhelming experience with little takeaway.",negative
"The venue was not suitable, and it felt very cramped and noisy.",negative
The registration process was chaotic and frustrating.,negative
The interactive sessions really helped me grasp the concepts better.,positive
"The venue, content, and networking opportunities were all fantastic.",positive
The registration process was chaotic and frustrating.,negative
The event did not meet the expectations set by the advertisements.,negative
"The speakers were unprepared, and the content was irrelevant.",negative
The interactive sessions really helped me grasp the concepts better.,positive
The event did not meet the expectations set by the advertisements.,negative
I didn't feel strongly about the event one way or the other.,neutral
I was impressed by the quality and depth of the discussions.,positive
I didn't feel strongly about the event one way or the other.,neutral
"The organization was fine, but there was room for improvement.",neutral
The event provided excellent value for the time and money spent.,positive
I was impressed by the quality and depth of the discussions.,positive
"Everything was well-organized, and the speakers were amazing.",positive
This was one of the best events I've attended in a long time.,positive
"The schedule was perfectly planned, and the sessions were very engaging.",positive
I regret spending my time on this event; it wasn't worth it.,negative
"It was neither good nor bad, just an acceptable experience.",neutral
"The timing of the sessions was poorly managed, causing delays.",negative
This was one of the best events I've attended in a long time.,positive
"The event delivered what was promised, but no more than that.",neutral
"The event delivered what was promised, but no more than that.",neutral
The event did not meet the expectations set by the advertisements.,negative
This was one of the best events I've attended in a long time.,positive
The registration process was chaotic and frustrating.,negative
"Everything was well-organized, and the speakers were amazing.",positive
"While the event had some good moments, it lacked consistency.",neutral
I was impressed by the quality and depth of the discussions.,positive
I learned so much from this event and can't wait for the next one.,positive
It met basic expectations but didn't offer anything extraordinary.,neutral
The event was outstanding and exceeded all my expectations.,positive
I was impressed by the quality and depth of the discussions.,positive
"It was neither good nor bad, just an acceptable experience.",neutral
It was a standard event with no standout features.,neutral
"The organization was fine, but there was room for improvement.",neutral
It was a standard event with no standout features.,neutral
I found the sessions to be average and somewhat repetitive.,neutral
"Overall, a very underwhelming experience with little takeaway.",negative
The event was outstanding and exceeded all my expectations.,positive
"The schedule was perfectly planned, and the sessions were very engaging.",positive
"The timing of the sessions was poorly managed, causing delays.",negative
"The speakers were unprepared, and the content was irrelevant.",negative
The event was poorly organized and very disappointing.,negative
"The organization was fine, but there was room for improvement.",neutral
I found the sessions uninteresting and not well-structured.,negative
There were too many technical issues during the presentations.,negative
"The venue was not suitable, and it felt very cramped and noisy.",negative
"The timing of the sessions was poorly managed, causing delays.",negative
"The event delivered what was promised, but no more than that.",neutral
I was impressed by the quality and depth of the discussions.,positive
The event was poorly organized and very disappointing.,negative
It was a standard event with no standout features.,neutral
"The timing of the sessions was poorly managed, causing delays.",negative
I didn't feel strongly about the event one way or the other.,neutral
"The event was okay, but nothing particularly memorable.",neutral
There were too many technical issues during the presentations.,negative
"The organization was fine, but there was room for improvement.",neutral
"Everything was well-organized, and the speakers were amazing.",positive
I found the sessions uninteresting and not well-structured.,negative
"The venue was not suitable, and it felt very cramped and noisy.",negative
The interactive sessions really helped me grasp the concepts better.,positive
"The venue was not suitable, and it felt very cramped and noisy.",negative
I didn't feel strongly about the event one way or the other.,neutral
"The content was decent, but it lacked depth and engagement.",neutral
The event did not meet the expectations set by the advertisements.,negative
"The event was okay, but nothing particularly memorable.",neutral
I learned so much from this event and can't wait for the next one.,positive
The registration process was chaotic and frustrating.,negative
I regret spending my time on this event; it wasn't worth it.,negative
I found the sessions uninteresting and not well-structured.,negative
"The timing of the sessions was poorly managed, causing delays.",negative
This was one of the best events I've attended in a long time.,positive
"The speakers were unprepared, and the content was irrelevant.",negative
"The venue, content, and networking opportunities were all fantastic.",positive
I was impressed by the quality and depth of the discussions.,positive
"The venue was not suitable, and it felt very cramped and noisy.",negative
"Amazing experience overall, especially the keynote sessions.",positive
The event was outstanding and exceeded all my expectations.,positive
I was impressed by the quality and depth of the discussions.,positive
"The event delivered what was promised, but no more than that.",neutral
I didn't feel strongly about the event one way or the other.,neutral
I found the sessions to be average and somewhat repetitive.,neutral
It met basic expectations but didn't offer anything extraordinary.,neutral
I learned so much from this event and can't wait for the next one.,positive
The registration process was chaotic and frustrating.,negative
I didn't feel strongly about the event one way or the other.,neutral
The event provided excellent value for the time and money spent.,positive
"The event was okay, but nothing particularly memorable.",neutral
"The venue, content, and networking opportunities were all fantastic.",positive
"The event was okay, but nothing particularly memorable.",neutral
I was impressed by the quality and depth of the discussions.,positive
The event provided excellent value for the time and money spent.,positive
There were too many technical issues during the presentations.,negative
I found the sessions to be average and somewhat repetitive.,neutral
"The schedule was perfectly planned, and the sessions were very engaging.",positive
I didn't feel strongly about the event one way or the other.,neutral
"While the event had some good moments, it lacked consistency.",neutral
The event was outstanding and exceeded all my expectations.,positive
"Amazing experience overall, especially the keynote sessions.",positive
It was a standard event with no standout features.,neutral
"The event delivered what was promised, but no more than that.",neutral
"While the event had some good moments, it lacked consistency.",neutral
The event provided excellent value for the time and money spent.,positive
"The venue, content, and networking opportunities were all fantastic.",positive
"It was neither good nor bad, just an acceptable experience.",neutral
I regret spending my time on this event; it wasn't worth it.,negative
"The event was okay, but nothing particularly memorable.",neutral
"Everything was well-organized, and the speakers were amazing.",positive
I didn't feel strongly about the event one way or the other.,neutral
"It was neither good nor bad, just an acceptable experience.",neutral
"Amazing experience overall, especially the keynote sessions.",positive
I found the sessions to be average and somewhat repetitive.,neutral
The registration process was chaotic and frustrating.,negative
I didn't feel strongly about the event one way or the other.,neutral
"The timing of the sessions was poorly managed, causing delays.",negative
It was a standard event with no standout features.,neutral
"The content was decent, but it lacked depth and engagement.",neutral
"The event delivered what was promised, but no more than that.",neutral
"Overall, a very underwhelming experience with little takeaway.",negative
The event provided excellent value for the time and money spent.,positive
"The speakers were unprepared, and the content was irrelevant.",negative
I regret spending my time on this event; it wasn't worth it.,negative
The event was outstanding and exceeded all my expectations.,positive
There were too many technical issues during the presentations.,negative
"The schedule was perfectly planned, and the sessions were very engaging.",positive
"The venue, content, and networking opportunities were all fantastic.",positive
"Amazing experience overall, especially the keynote sessions.",positive
The interactive sessions really helped me grasp the concepts better.,positive
"The content was decent, but it lacked depth and engagement.",neutral
"The venue was not suitable, and it felt very cramped and noisy.",negative
"Amazing experience overall, especially the keynote sessions.",positive
"Amazing experience overall, especially the keynote sessions.",positive
I was impressed by the quality and depth of the discussions.,positive
I was impressed by the quality and depth of the discussions.,positive
"The speakers were unprepared, and the content was irrelevant.",negative
"The timing of the sessions was poorly managed, causing delays.",negative
This was one of the best events I've attended in a long time.,positive
This was one of the best events I've attended in a long time.,positive
"While the event had some good moments, it lacked consistency.",neutral
"It was neither good nor bad, just an acceptable experience.",neutral
"It was neither good nor bad, just an acceptable experience.",neutral
I found the sessions to be average and somewhat repetitive.,neutral
"The venue was not suitable, and it felt very cramped and noisy.",negative
I didn't feel strongly about the event one way or the other.,neutral
The interactive sessions really helped me grasp the concepts better.,positive
This was one of the best events I've attended in a long time.,positive
"The venue, content, and networking opportunities were all fantastic.",positive
"Everything was well-organized, and the speakers were amazing.",positive
This was one of the best events I've attended in a long time.,positive
There were too many technical issues during the presentations.,negative
It met basic expectations but didn't offer anything extraordinary.,neutral
The event was poorly organized and very disappointing.,negative
"The venue was not suitable, and it felt very cramped and noisy.",negative
The interactive sessions really helped me grasp the concepts better.,positive
I learned so much from this event and can't wait for the next one.,positive
The event was outstanding and exceeded all my expectations.,positive
It met basic expectations but didn't offer anything extraordinary.,neutral
"It was neither good nor bad, just an acceptable experience.",neutral
"While the event had some good moments, it lacked consistency.",neutral
The event did not meet the expectations set by the advertisements.,negative
"The venue was not suitable, and it felt very cramped and noisy.",negative
"The event was okay, but nothing particularly memorable.",neutral
I found the sessions uninteresting and not well-structured.,negative
I found the sessions to be average and somewhat repetitive.,neutral
I learned so much from this event and can't wait for the next one.,positive
The event did not meet the expectations set by the advertisements.,negative
"While the event had some good moments, it lacked consistency.",neutral
"The timing of the sessions was poorly managed, causing delays.",negative
"The schedule was perfectly planned, and the sessions were very engaging.",positive
I found the sessions uninteresting and not well-structured.,negative
I was impressed by the quality and depth of the discussions.,positive
"Everything was well-organized, and the speakers were amazing.",positive
"The event was okay, but nothing particularly memorable.",neutral
There were too many technical issues during the presentations.,negative
"Overall, a very underwhelming experience with little takeaway.",negative
"While the event had some good moments, it lacked consistency.",neutral
There were too many technical issues during the presentations.,negative
It met basic expectations but didn't offer anything extraordinary.,neutral
The event provided excellent value for the time and money spent.,positive
"The venue, content, and networking opportunities were all fantastic.",positive
"Overall, a very underwhelming experience with little takeaway.",negative
"The speakers were unprepared, and the content was irrelevant.",negative
It was a standard event with no standout features.,neutral
"The event was okay, but nothing particularly memorable.",neutral
"The schedule was perfectly planned, and the sessions were very engaging.",positive
"The timing of the sessions was poorly managed, causing delays.",negative
The registration process was chaotic and frustrating.,negative
The registration process was chaotic and frustrating.,negative
I found the sessions uninteresting and not well-structured.,negative
It met basic expectations but didn't offer anything extraordinary.,neutral
The event was poorly organized and very disappointing.,negative
I didn't feel strongly about the event one way or the other.,neutral
"The organization was fine, but there was room for improvement.",neutral
"The timing of the sessions was poorly managed, causing delays.",negative
I found the sessions to be average and somewhat repetitive.,neutral
I learned so much from this event and can't wait for the next one.,positive
It met basic expectations but didn't offer anything extraordinary.,neutral
I found the sessions to be average and somewhat repetitive.,neutral
"Overall, a very underwhelming experience with little takeaway.",negative
"The timing of the sessions was poorly managed, causing delays.",negative
I learned so much from this event and can't wait for the next one.,positive
"Overall, a very underwhelming experience with little takeaway.",negative
It was a standard event with no standout features.,neutral
The event provided excellent value for the time and money spent.,positive
This was one of the best events I've attended in a long time.,positive
This was one of the best events I've attended in a long time.,positive
"The speakers were unprepared, and the content was irrelevant.",negative
It met basic expectations but didn't offer anything extraordinary.,neutral
I found the sessions to be average and somewhat repetitive.,neutral
This was one of the best events I've attended in a long time.,positive
The event provided excellent value for the time and money spent.,positive
The event provided excellent value for the time and money spent.,positive
"The organization was fine, but there was room for improvement.",neutral
"It was neither good nor bad, just an acceptable experience.",neutral
"The event was okay, but nothing particularly memorable.",neutral
"The timing of the sessions was poorly managed, causing delays.",negative
I found the sessions uninteresting and not well-structured.,negative
"The venue, content, and networking opportunities were all fantastic.",positive
"The event was okay, but nothing particularly memorable.",neutral
"It was neither good nor bad, just an acceptable experience.",neutral
"The venue was not suitable, and it felt very cramped and noisy.",negative
I found the sessions to be average and somewhat repetitive.,neutral
There were too many technical issues during the presentations.,negative
"The venue was not suitable, and it felt very cramped and noisy.",negative
"Amazing experience overall, especially the keynote sessions.",positive
"Everything was well-organized, and the speakers were amazing.",positive
"The venue was not suitable, and it felt very cramped and noisy.",negative
It was a standard event with no standout features.,neutral
The event was poorly organized and very disappointing.,negative
I didn't feel strongly about the event one way or the other.,neutral
It was a standard event with no standout features.,neutral
The event was poorly organized and very disappointing.,negative
"Overall, a very underwhelming experience with little takeaway.",negative
I found the sessions to be average and somewhat repetitive.,neutral
There were too many technical issues during the presentations.,negative
The event was poorly organized and very disappointing.,negative
I regret spending my time on this event; it wasn't worth it.,negative
I learned so much from this event and can't wait for the next one.,positive
"Amazing experience overall, especially the keynote sessions.",positive
